{
  "questions": [
    {
      "qid": 1,
      "question": "5+6",
      "ans1": "8",
      "ans2": "11",
      "ans3": "10",
      "ans4": "9"
    },
    {
      "qid": 2,
      "question": "Who is the current president of the USA?",
      "ans1": "Nixon",
      "ans2": "Obama",
      "ans3": "Biden",
      "ans4": "Trump"
    },
    {
      "qid": 3,
      "question": "What is the 5th letter of the English Alphabet?",
      "ans1": "T",
      "ans2": "E",
      "ans3": "A",
      "ans4": "F"
    },
    {
      "qid": 4,
      "question": "What is largest country in the world?",
      "ans1": "Russia",
      "ans2": "Canada",
      "ans3": "USA",
      "ans4": "China"
    }
  ],
  "answers": [
    {
      "qid": 1,
      "correctAns": 11
    },
    {
      "qid": 2,
      "correctAns": "Biden"
    },
    {
      "qid": 3,
      "correctAns": "E"
    },
    {
      "qid": 4,
      "correctAns": "Russia"
    }
  ]
}