{
    "questions":[
        {"qid": 1,"question":"5+6","ans1":"8","ans2":"11","ans3":"10","ans4":"9"},
        {"qid": 2,"question":"Who is the current president of the USA","ans1":"Nixon","ans2":"Obama","ans3":"Biden","ans4":"Trump"},
        {"qid": 3,"question":"What is the 5th letter of the English Alphabet","ans1":"T","ans2":"E","ans3":"A","ans4":"F"},
        {"qid": 4,"question":"What is largest country in the world","ans1":"Russia","ans2":"Canada","ans3":"USA","ans4":"China"},
        {
            "qid": 5,
            "question": "What is the capital of France",
            "ans1": "London",
            "ans2": "Paris",
            "ans3": "Berlin",
            "ans4": "Rome"
          },
          {
            "qid": 6,
            "question": "Which planet is known as the Red Planet",
            "ans1": "Mars",
            "ans2": "Venus",
            "ans3": "Jupiter",
            "ans4": "Saturn"
          },
          {
            "qid": 7,
            "question": "What is the chemical symbol for gold",
            "ans1": "Ag",
            "ans2": "Au",
            "ans3": "Hg",
            "ans4": "Fe"
          },
          {
            "qid": 8,
            "question": "What is the tallest mountain in the world",
            "ans1": "Mount Everest",
            "ans2": "K2",
            "ans3": "Makalu",
            "ans4": "Kangchenjunga"
          },
          {
            "qid": 9,
            "question": "Who painted the Mona Lisa",
            "ans1": "Vincent van Gogh",
            "ans2": "Leonardo da Vinci",
            "ans3": "Pablo Picasso",
            "ans4": "Michelangelo"
          },
          {
            "qid": 10,
            "question": "Which country is famous for the Taj Mahal",
            "ans1": "India",
            "ans2": "China",
            "ans3": "Egypt",
            "ans4": "Italy"
          }
    ],
    "answers":[
        {"qid": 1, "correctAns": 11},
        {"qid": 2, "correctAns": "Biden"},
        {"qid": 3, "correctAns": "E"},
        {"qid": 4, "correctAns": "Russia"},
        {"qid": 5, "correctAns": "Paris"},
  {"qid": 6, "correctAns": "Mars"},
  {"qid": 7, "correctAns": "Au"},
  {"qid": 8, "correctAns": "Mount Everest"},
  {"qid": 9, "correctAns": "Leonardo da Vinci"},
  {"qid": 10, "correctAns": "India"}
    ]
}