{
    "events":[
        {
          "id": 1,
          "name": "Declaration of Independence",
          "description": "The formal statement announcing the separation of the American colonies from Great Britain."
        },
        {
          "id": 2,
          "name": "Moon Landing",
          "description": "The successful landing of Apollo 11 astronauts on the moon, a major milestone in space exploration."
        },
        {
          "id": 3,
          "name": "World War II",
          "description": "A global conflict that lasted from 1939 to 1945, involving many nations and resulting in significant geopolitical changes."
        },
        {
          "id": 4,
          "name": "Fall of the Berlin Wall",
          "description": "The symbolic event that marked the end of the Cold War and the reunification of East and West Germany."
        },
        {
          "id": 5,
          "name": "Invention of the Internet",
          "description": "The development of the network of interconnected computers that revolutionized communication and information sharing."
        },
        {
          "id": 6,
          "name": "Discovery of Penicillin",
          "description": "The accidental discovery of penicillin by Alexander Fleming, leading to the development of antibiotics."
        },
        {
          "id": 7,
          "name": "Civil Rights Movement",
          "description": "A social and political movement in the United States aimed at ending racial segregation and achieving equality for African Americans."
        },
        {
          "id": 8,
          "name": "Industrial Revolution",
          "description": "A period of rapid industrialization and technological advancement that transformed society and economies."
        },
        {
          "id": 9,
          "name": "French Revolution",
          "description": "A period of radical social and political upheaval in France that led to the abolition of the monarchy and the rise of democracy."
        },
        {
          "id": 10,
          "name": "Discovery of DNA Structure",
          "description": "The determination of the double helix structure of DNA by James Watson and Francis Crick, revolutionizing the field of genetics."
        }
      ]      
}